ICB,GP Practice,Practice Code,eRD Items, EPS Items,Proportion eRD,Dispensing
NHS NORTH EAST AND NORTH CUMBRIA INTEGRATED CARE BOARD,GAINFORD SURGERY,A83061,0,1204,0,Yes
NHS NORTH EAST AND NORTH CUMBRIA INTEGRATED CARE BOARD,MARYPORT HEALTH SERVICES,A82032,3,33531,0.008946945,No
NHS NORTH EAST AND NORTH CUMBRIA INTEGRATED CARE BOARD,CASTLEGATE AND DERWENT SURGERY,A82021,3,28162,0.010652653,Yes
NHS NORTH EAST AND NORTH CUMBRIA INTEGRATED CARE BOARD,WOODBRIDGE PRACTICE,A81017,8,32958,0.024273318,No
NHS NORTH EAST AND NORTH CUMBRIA INTEGRATED CARE BOARD,FELL TOWER MEDICAL CENTRE,A85001,5,16452,0.030391442,No
NHS NORTH EAST AND NORTH CUMBRIA INTEGRATED CARE BOARD,COURT THORN SURGERY,A82631,1,674,0.148367953,Yes
NHS NORTH EAST AND NORTH CUMBRIA INTEGRATED CARE BOARD,KIRKOSWALD SURGERY,A82617,1,161,0.621118012,Yes
NHS NORTH EAST AND NORTH CUMBRIA INTEGRATED CARE BOARD,MARSH HOUSE MEDICAL PRACTICE,A81040,320,17951,1.782630494,No
NHS NORTH EAST AND NORTH CUMBRIA INTEGRATED CARE BOARD,YARM MEDICAL PRACTICE,A81027,783,22479,3.483251034,No
NHS NORTH EAST AND NORTH CUMBRIA INTEGRATED CARE BOARD,SEASCALE HEALTH CENTRE,A82024,205,5262,3.895857089,Yes
NHS NORTH EAST AND NORTH CUMBRIA INTEGRATED CARE BOARD,CARMEL MEDICAL PRACTICE,A83031,1074,25408,4.227015113,No
NHS NORTH EAST AND NORTH CUMBRIA INTEGRATED CARE BOARD,KINGS MEDICAL CENTRE,A81049,594,13153,4.516079982,No
NHS NORTH EAST AND NORTH CUMBRIA INTEGRATED CARE BOARD,SHAP MEDICAL PRACTICE,A82031,17,367,4.632152589,Yes
NHS NORTH EAST AND NORTH CUMBRIA INTEGRATED CARE BOARD,CROSSFELL HEALTH CENTRE,A81019,1013,21467,4.718870825,No
NHS NORTH EAST AND NORTH CUMBRIA INTEGRATED CARE BOARD,THE CROFT SURGERY,A82029,28,544,5.147058824,Yes
NHS NORTH EAST AND NORTH CUMBRIA INTEGRATED CARE BOARD,THE DISCOVERY PRACTICE,A81064,672,13049,5.14981991,No
NHS NORTH EAST AND NORTH CUMBRIA INTEGRATED CARE BOARD,DISTINGTON SURGERY,A82023,289,5523,5.232663408,Yes
NHS NORTH EAST AND NORTH CUMBRIA INTEGRATED CARE BOARD,DR RASOOL,A81602,312,5944,5.248990579,No
NHS NORTH EAST AND NORTH CUMBRIA INTEGRATED CARE BOARD,THE SALTSCAR SURGERY,A81054,1222,21925,5.57354618,No
NHS NORTH EAST AND NORTH CUMBRIA INTEGRATED CARE BOARD,THE ROTHBURY PRACTICE,A84002,558,9602,5.811289315,No
NHS NORTH EAST AND NORTH CUMBRIA INTEGRATED CARE BOARD,MANSION HOUSE SURGERY,A82075,970,16361,5.928732963,No
NHS NORTH EAST AND NORTH CUMBRIA INTEGRATED CARE BOARD,QUEENSTREE PRACTICE,A81014,670,10388,6.449749711,No
NHS NORTH EAST AND NORTH CUMBRIA INTEGRATED CARE BOARD,GLENRIDDING HEALTH CENTRE,A82620,26,401,6.483790524,Yes
NHS NORTH EAST AND NORTH CUMBRIA INTEGRATED CARE BOARD,ALMA MEDICAL CENTRE,A81067,1478,22253,6.641801105,No
NHS NORTH EAST AND NORTH CUMBRIA INTEGRATED CARE BOARD,WIGTON GROUP MEDICAL PRACTICE,A82045,1506,17817,8.452601448,No
NHS NORTH EAST AND NORTH CUMBRIA INTEGRATED CARE BOARD,CARLISLE CENTRAL PRACTICE,A82015,1624,19081,8.511084325,No
NHS NORTH EAST AND NORTH CUMBRIA INTEGRATED CARE BOARD,THE ROSEBERRY PRACTICE,A81610,1403,15712,8.929480652,No
NHS NORTH EAST AND NORTH CUMBRIA INTEGRATED CARE BOARD,THE DENSHAM SURGERY,A81001,754,8222,9.170518122,No
NHS NORTH EAST AND NORTH CUMBRIA INTEGRATED CARE BOARD,THE LAKES MEDICAL PRACTICE,A82036,1578,16466,9.583383943,No
NHS NORTH EAST AND NORTH CUMBRIA INTEGRATED CARE BOARD,PARK LANE SURGERY,A81066,561,5381,10.42557146,Yes
NHS NORTH EAST AND NORTH CUMBRIA INTEGRATED CARE BOARD,CALDBECK SURGERY,A82014,154,1377,11.18373275,Yes
NHS NORTH EAST AND NORTH CUMBRIA INTEGRATED CARE BOARD,EAGLESCLIFFE MEDICAL PRACTICE,A81039,2649,23315,11.36178426,No
NHS NORTH EAST AND NORTH CUMBRIA INTEGRATED CARE BOARD,JAMES STREET GROUP PRACT,A82047,8495,73812,11.50896873,Yes
NHS NORTH EAST AND NORTH CUMBRIA INTEGRATED CARE BOARD,RIVERSIDE MEDICAL PRACTICE,A81629,2028,17470,11.60847167,No
NHS NORTH EAST AND NORTH CUMBRIA INTEGRATED CARE BOARD,KINGSWAY MEDICAL CENTRE,A81057,2467,20978,11.75993898,No
NHS NORTH EAST AND NORTH CUMBRIA INTEGRATED CARE BOARD,FELLVIEW HEALTHCARE,A82044,6273,52511,11.94606844,No
NHS NORTH EAST AND NORTH CUMBRIA INTEGRATED CARE BOARD,CHADWICK PRACTICE,A81011,3838,30795,12.46306219,No
NHS NORTH EAST AND NORTH CUMBRIA INTEGRATED CARE BOARD,THORNABY & BARWICK MEDICAL GROUP,A81034,5535,44181,12.52800978,No
NHS NORTH EAST AND NORTH CUMBRIA INTEGRATED CARE BOARD,DALSTON MEDICAL GROUP,A82022,381,3017,12.62843885,Yes
NHS NORTH EAST AND NORTH CUMBRIA INTEGRATED CARE BOARD,WESTCROFT HOUSE SURGERY,A82064,2099,15384,13.64404576,No
NHS NORTH EAST AND NORTH CUMBRIA INTEGRATED CARE BOARD,LOWTHER MEDICAL CENTRE,A82041,4630,33547,13.80153218,No
NHS NORTH EAST AND NORTH CUMBRIA INTEGRATED CARE BOARD,THE DOVECOT SURGERY,A81025,1306,8815,14.81565513,No
NHS NORTH EAST AND NORTH CUMBRIA INTEGRATED CARE BOARD,WOODLANDS FAMILY MEDICAL CENTRE,A81046,3780,24319,15.54340228,No
NHS NORTH EAST AND NORTH CUMBRIA INTEGRATED CARE BOARD,THE ESTON SURGERY,A81065,1250,7906,15.81077663,No
NHS NORTH EAST AND NORTH CUMBRIA INTEGRATED CARE BOARD,EDEN MEDICAL GROUP,A82020,3551,22280,15.93806104,No
NHS NORTH EAST AND NORTH CUMBRIA INTEGRATED CARE BOARD,WEST VIEW MILLENIUM SURGERY A,A81631,2648,15403,17.19145621,No
NHS NORTH EAST AND NORTH CUMBRIA INTEGRATED CARE BOARD,THE ADDERLANE SURGERY,A84614,682,3960,17.22222222,No
NHS NORTH EAST AND NORTH CUMBRIA INTEGRATED CARE BOARD,THE PATEL PRACTICE,A81612,1161,6694,17.34389005,No
NHS NORTH EAST AND NORTH CUMBRIA INTEGRATED CARE BOARD,THE WEARDALE PRACTICE,A83035,3159,18062,17.4897575,No
NHS NORTH EAST AND NORTH CUMBRIA INTEGRATED CARE BOARD,THE ARRIVAL PRACTICE ( D 01-Jun-25 ),A81634,230,1314,17.50380518,No
NHS NORTH EAST AND NORTH CUMBRIA INTEGRATED CARE BOARD,NORTON MEDICAL CENTRE,A81036,6892,39063,17.64329417,No
NHS NORTH EAST AND NORTH CUMBRIA INTEGRATED CARE BOARD,NORMANBY MEDICAL CENTRE,A81021,11070,58209,19.01767768,No
NHS NORTH EAST AND NORTH CUMBRIA INTEGRATED CARE BOARD,TENNANT STREET MEDICAL PRACTICE,A81006,6527,33863,19.27472463,No
NHS NORTH EAST AND NORTH CUMBRIA INTEGRATED CARE BOARD,WILLIAM BROWN CENTRE,A83012,8334,43143,19.31715458,No
NHS NORTH EAST AND NORTH CUMBRIA INTEGRATED CARE BOARD,MIDDLETON AND DINSDALE MEDICAL PRACTICE,A83070,2742,14078,19.47719847,No
NHS NORTH EAST AND NORTH CUMBRIA INTEGRATED CARE BOARD,NORTHUMBERLAND HEALTH,A84029,1626,8299,19.59272201,Yes
NHS NORTH EAST AND NORTH CUMBRIA INTEGRATED CARE BOARD,BELFORD MEDICAL PRACTICE,A84008,1481,7409,19.98920232,Yes
NHS NORTH EAST AND NORTH CUMBRIA INTEGRATED CARE BOARD,THE BRIDGES MEDICAL PRACTICE,A85614,2069,10213,20.25849408,No
NHS NORTH EAST AND NORTH CUMBRIA INTEGRATED CARE BOARD,WINGATE MEDICAL PRACTICE INTRAHEALTH,A83610,2144,10289,20.83778793,No
NHS NORTH EAST AND NORTH CUMBRIA INTEGRATED CARE BOARD,BEWICK CRESCENT SURGERY,A83037,7081,33808,20.94474681,Yes
NHS NORTH EAST AND NORTH CUMBRIA INTEGRATED CARE BOARD,WOODVIEW MEDICAL PRACTICE,A83032,940,4408,21.32486388,Yes
NHS NORTH EAST AND NORTH CUMBRIA INTEGRATED CARE BOARD,SILLOTH GROUP MEDICAL PRACTICE,A82037,2532,11682,21.67437083,No
NHS NORTH EAST AND NORTH CUMBRIA INTEGRATED CARE BOARD,WEST QUAY MEDICAL PRACTICE,A81060,3203,14348,22.3236688,No
NHS NORTH EAST AND NORTH CUMBRIA INTEGRATED CARE BOARD,PROSPECT SURGERY,A81029,3532,15745,22.43251826,No
NHS NORTH EAST AND NORTH CUMBRIA INTEGRATED CARE BOARD,HART MEDICAL PRACTICE,A81041,4310,19158,22.49712914,No
NHS NORTH EAST AND NORTH CUMBRIA INTEGRATED CARE BOARD,BANKHOUSE SURGERY,A81007,4502,19863,22.66525701,No
NHS NORTH EAST AND NORTH CUMBRIA INTEGRATED CARE BOARD,PEASE WAY MEDICAL CENTRE,A83074,5850,25650,22.80701754,No
NHS NORTH EAST AND NORTH CUMBRIA INTEGRATED CARE BOARD,THE HAVEN SURGERY,A83622,294,1288,22.82608696,Yes
NHS NORTH EAST AND NORTH CUMBRIA INTEGRATED CARE BOARD,HILLSIDE PRACTICE,A81022,5586,24198,23.08455244,No
NHS NORTH EAST AND NORTH CUMBRIA INTEGRATED CARE BOARD,SPENCER ST SURGERY,A82018,4170,17998,23.16924103,No
NHS NORTH EAST AND NORTH CUMBRIA INTEGRATED CARE BOARD,CEDARS MEDICAL GROUP,A83038,3073,13222,23.24156709,No
NHS NORTH EAST AND NORTH CUMBRIA INTEGRATED CARE BOARD,CHASTLETON MEDICAL GROUP,A83036,4486,18876,23.76562831,No
NHS NORTH EAST AND NORTH CUMBRIA INTEGRATED CARE BOARD,AUCKLAND MEDICAL GROUP,A83021,9337,39105,23.8767421,Yes
NHS NORTH EAST AND NORTH CUMBRIA INTEGRATED CARE BOARD,RIVERSDALE SURGERY,A84035,3380,13867,24.37441408,Yes
NHS NORTH EAST AND NORTH CUMBRIA INTEGRATED CARE BOARD,BLACKHALL AND PETERLEE PRACTICE,A83007,7315,29930,24.44036084,No
NHS NORTH EAST AND NORTH CUMBRIA INTEGRATED CARE BOARD,THE COATHAM ROAD SURGERY,A81045,4227,17098,24.72218973,No
NHS NORTH EAST AND NORTH CUMBRIA INTEGRATED CARE BOARD,ASPATRIA MEDICAL GROUP,A82055,3912,15526,25.19644467,No
NHS NORTH EAST AND NORTH CUMBRIA INTEGRATED CARE BOARD,DUNELM MEDICAL PRACTICE,A83030,7546,29855,25.27549824,No
NHS NORTH EAST AND NORTH CUMBRIA INTEGRATED CARE BOARD,NEWCASTLE MEDICAL CENTRE,A86027,833,3289,25.32684707,No
NHS NORTH EAST AND NORTH CUMBRIA INTEGRATED CARE BOARD,UNION BRAE & NORHAM PRAC,A84044,3366,13274,25.3578424,Yes
NHS NORTH EAST AND NORTH CUMBRIA INTEGRATED CARE BOARD,NEWLANDS MEDICAL CENTRE,A81035,4610,18058,25.52885148,No
NHS NORTH EAST AND NORTH CUMBRIA INTEGRATED CARE BOARD,EAST DURHAM MEDICAL GROUP,A83057,14556,55907,26.03609566,No
NHS NORTH EAST AND NORTH CUMBRIA INTEGRATED CARE BOARD,BRAMPTON MEDICAL PRACTICE,A82012,4259,16177,26.32750201,Yes
NHS NORTH EAST AND NORTH CUMBRIA INTEGRATED CARE BOARD,CLAYPATH & UNIVERSITY MEDICAL GROUP,A83011,5475,20739,26.3995371,No
NHS NORTH EAST AND NORTH CUMBRIA INTEGRATED CARE BOARD,THE HORDEN GROUP PRACTICE,A83044,5869,22213,26.42146491,No
NHS NORTH EAST AND NORTH CUMBRIA INTEGRATED CARE BOARD,THE GABLES MEDICAL GROUP,A84013,3917,14809,26.45013168,Yes
NHS NORTH EAST AND NORTH CUMBRIA INTEGRATED CARE BOARD,THE MEDICAL GROUP,A83022,17345,65440,26.5051956,Yes
NHS NORTH EAST AND NORTH CUMBRIA INTEGRATED CARE BOARD,THORNTREE SURGERY,A81621,1754,6595,26.59590599,No
NHS NORTH EAST AND NORTH CUMBRIA INTEGRATED CARE BOARD,PARK LANE PRACTICE,A89034,1488,5566,26.73374057,No
NHS NORTH EAST AND NORTH CUMBRIA INTEGRATED CARE BOARD,CENTRAL GATESHEAD MEDICAL GROUP,A85019,5302,19717,26.89050058,No
NHS NORTH EAST AND NORTH CUMBRIA INTEGRATED CARE BOARD,HAVELOCK GRANGE PRACTICE,A81031,8304,30863,26.90600395,No
NHS NORTH EAST AND NORTH CUMBRIA INTEGRATED CARE BOARD,BENTLEY MEDICAL PRACTICE,A81018,7915,29203,27.10337979,No
NHS NORTH EAST AND NORTH CUMBRIA INTEGRATED CARE BOARD,VILLAGE MEDICAL GROUP,A84030,6785,24885,27.26542094,No
NHS NORTH EAST AND NORTH CUMBRIA INTEGRATED CARE BOARD,CASTLEHEAD MEDICAL CENTRE,A82028,2850,10410,27.37752161,Yes
NHS NORTH EAST AND NORTH CUMBRIA INTEGRATED CARE BOARD,CRAMLINGTON MEDICAL GROUP,A84025,4071,14850,27.41414141,No
NHS NORTH EAST AND NORTH CUMBRIA INTEGRATED CARE BOARD,PINFOLD MEDICAL PRACTICE,A83060,1162,4205,27.63376932,Yes
NHS NORTH EAST AND NORTH CUMBRIA INTEGRATED CARE BOARD,FELL COTTAGE SURGERY,A85007,4330,15610,27.73862908,No
NHS NORTH EAST AND NORTH CUMBRIA INTEGRATED CARE BOARD,THE NEW CITY MEDICAL GROUP,A89013,4670,16604,28.12575283,No
NHS NORTH EAST AND NORTH CUMBRIA INTEGRATED CARE BOARD,SUNDERLAND GP ALLIANCE SOUTH HYLTON SURG,A89614,3522,12509,28.15572788,No
NHS NORTH EAST AND NORTH CUMBRIA INTEGRATED CARE BOARD,ELLISON VIEW SURGERY,A88012,4458,15814,28.19021121,No
NHS NORTH EAST AND NORTH CUMBRIA INTEGRATED CARE BOARD,PARKWAY MEDICAL CENTRE,A81611,5233,18477,28.32169725,No
NHS NORTH EAST AND NORTH CUMBRIA INTEGRATED CARE BOARD,CARLISLE HEALTHCARE,A82016,20015,68907,29.04639587,No
NHS NORTH EAST AND NORTH CUMBRIA INTEGRATED CARE BOARD,NETHERFIELD HOUSE,A84037,4298,14781,29.07787024,No
NHS NORTH EAST AND NORTH CUMBRIA INTEGRATED CARE BOARD,GAS HOUSE LANE SURGERY,A84039,3861,13220,29.20574887,Yes
NHS NORTH EAST AND NORTH CUMBRIA INTEGRATED CARE BOARD,CESTRIA HEALTH CENTRE,A83050,8530,29201,29.21132838,No
NHS NORTH EAST AND NORTH CUMBRIA INTEGRATED CARE BOARD,CORBRIDGE HEALTH CENTRE,A84018,3625,12384,29.27164083,Yes
NHS NORTH EAST AND NORTH CUMBRIA INTEGRATED CARE BOARD,COXHOE MEDICAL PRACTICE,A83027,4987,17028,29.28705661,No
NHS NORTH EAST AND NORTH CUMBRIA INTEGRATED CARE BOARD,WELL CLOSE MEDICAL GROUP,A84026,5946,20286,29.31085478,No
NHS NORTH EAST AND NORTH CUMBRIA INTEGRATED CARE BOARD,BEAUMONT PARK SURGERY,A87011,3520,11977,29.38966352,No
NHS NORTH EAST AND NORTH CUMBRIA INTEGRATED CARE BOARD,DR THORNILEY-WALKER & PARTNERS,A88009,3676,12428,29.57837142,No
NHS NORTH EAST AND NORTH CUMBRIA INTEGRATED CARE BOARD,STATION VIEW MEDICAL CENTRE,A83015,8001,26957,29.68060244,No
NHS NORTH EAST AND NORTH CUMBRIA INTEGRATED CARE BOARD,UPPER EDEN MEDICAL PRACTICE,A82013,1967,6617,29.72646214,Yes
NHS NORTH EAST AND NORTH CUMBRIA INTEGRATED CARE BOARD,BELMONT & SHERBURN MEDICAL GROUP,A83014,4360,14593,29.87733845,No
NHS NORTH EAST AND NORTH CUMBRIA INTEGRATED CARE BOARD,THE GREEN HOUSE SURGERY,A81052,7508,25080,29.93620415,No
NHS NORTH EAST AND NORTH CUMBRIA INTEGRATED CARE BOARD,COQUET MEDICAL GROUP,A84022,9473,31597,29.98069437,No
NHS NORTH EAST AND NORTH CUMBRIA INTEGRATED CARE BOARD,MARINE AVENUE MEDICAL CTR,A87008,4244,14022,30.26672372,No
NHS NORTH EAST AND NORTH CUMBRIA INTEGRATED CARE BOARD,THE GLEN MEDICAL GROUP,A88022,7190,23746,30.2787838,No
NHS NORTH EAST AND NORTH CUMBRIA INTEGRATED CARE BOARD,WILLINGTON MEDICAL GROUP,A83003,7883,25706,30.66599238,No
NHS NORTH EAST AND NORTH CUMBRIA INTEGRATED CARE BOARD,QUEENS PARK MEDICAL CENTRE,A81002,13213,42613,31.0069697,No
NHS NORTH EAST AND NORTH CUMBRIA INTEGRATED CARE BOARD,WOOLER HEALTH,A84604,2419,7780,31.09254499,Yes
NHS NORTH EAST AND NORTH CUMBRIA INTEGRATED CARE BOARD,COLLINGWOOD HEALTH GROUP,A87004,15994,51334,31.15673822,No
NHS NORTH EAST AND NORTH CUMBRIA INTEGRATED CARE BOARD,SACRISTON MEDICAL CENTRE,A83026,8205,26294,31.20483761,No
NHS NORTH EAST AND NORTH CUMBRIA INTEGRATED CARE BOARD,BROTTON SURGERY,A81013,6422,20563,31.23085153,No
NHS NORTH EAST AND NORTH CUMBRIA INTEGRATED CARE BOARD,OAKFIELDS HEALTH GROUP,A83618,5054,16126,31.34069205,Yes
NHS NORTH EAST AND NORTH CUMBRIA INTEGRATED CARE BOARD,SPRING TERRACE HEALTH CENTRE,A87002,16343,51925,31.47424169,No
NHS NORTH EAST AND NORTH CUMBRIA INTEGRATED CARE BOARD,BARNARD CASTLE SURGERY,A83046,6116,19010,32.17254077,Yes
NHS NORTH EAST AND NORTH CUMBRIA INTEGRATED CARE BOARD,THE BROADWAY MEDICAL PRACTICE,A89024,6155,19110,32.20826792,No
NHS NORTH EAST AND NORTH CUMBRIA INTEGRATED CARE BOARD,GRANGEWOOD SURGERY,A89028,6022,18688,32.22388699,No
NHS NORTH EAST AND NORTH CUMBRIA INTEGRATED CARE BOARD,BLACKETTS MEDICAL PRACTICE,A83034,6476,20065,32.27510591,No
NHS NORTH EAST AND NORTH CUMBRIA INTEGRATED CARE BOARD,MARINE MEDICAL GROUP,A84014,11190,34644,32.29996536,No
NHS NORTH EAST AND NORTH CUMBRIA INTEGRATED CARE BOARD,HERRINGTON MEDICAL CENTRE,A89009,5956,18352,32.45422842,No
NHS NORTH EAST AND NORTH CUMBRIA INTEGRATED CARE BOARD,BIRBECK MEDICAL GROUP,A82035,6440,19785,32.54991155,No
NHS NORTH EAST AND NORTH CUMBRIA INTEGRATED CARE BOARD,WOODSIDE SURGERY,A81053,5990,18359,32.6270494,No
NHS NORTH EAST AND NORTH CUMBRIA INTEGRATED CARE BOARD,CONCORD MEDICAL PRACTICE,A89022,4728,14473,32.66772611,No
NHS NORTH EAST AND NORTH CUMBRIA INTEGRATED CARE BOARD,ANNFIELD PLAIN SURGERY,A83644,3279,10025,32.70822943,No
NHS NORTH EAST AND NORTH CUMBRIA INTEGRATED CARE BOARD,HALLGARTH SURGERY,A83008,5440,16612,32.74741151,No
NHS NORTH EAST AND NORTH CUMBRIA INTEGRATED CARE BOARD,WHINFIELD MEDICAL PRACTICE,A83005,9892,30163,32.79514637,No
NHS NORTH EAST AND NORTH CUMBRIA INTEGRATED CARE BOARD,HIRSEL MEDICAL CENTRE,A81038,2969,9045,32.82476506,No
NHS NORTH EAST AND NORTH CUMBRIA INTEGRATED CARE BOARD,BISHOPGATE MEDICAL CENTRE,A83025,12954,39359,32.91242156,No
NHS NORTH EAST AND NORTH CUMBRIA INTEGRATED CARE BOARD,SOUTHLANDS MEDICAL GROUP,A89035,9981,30274,32.96888419,No
NHS NORTH EAST AND NORTH CUMBRIA INTEGRATED CARE BOARD,WHITLEY BAY HEALTH CENTRE,A87005,7697,23145,33.25556276,No
NHS NORTH EAST AND NORTH CUMBRIA INTEGRATED CARE BOARD,OLDWELL SURGERY,A85018,3923,11722,33.46698516,No
NHS NORTH EAST AND NORTH CUMBRIA INTEGRATED CARE BOARD,VILLAGE MEDICAL CENTRE,A81009,5300,15782,33.58256241,No
NHS NORTH EAST AND NORTH CUMBRIA INTEGRATED CARE BOARD,PARKGATE SURGERY,A83641,3183,9406,33.84010206,No
NHS NORTH EAST AND NORTH CUMBRIA INTEGRATED CARE BOARD,PARKWAY MEDICAL GROUP,A86022,6724,19848,33.87746876,No
NHS NORTH EAST AND NORTH CUMBRIA INTEGRATED CARE BOARD,SCOTS GAP MEDICAL GROUP,A84042,263,775,33.93548387,Yes
NHS NORTH EAST AND NORTH CUMBRIA INTEGRATED CARE BOARD,CHEVELEY PARK MEDICAL CTR,A83055,3765,11047,34.08165113,No
NHS NORTH EAST AND NORTH CUMBRIA INTEGRATED CARE BOARD,FERRYHILL AND CHILTON MEDICAL PRACTICE,A83045,15121,44333,34.10777525,No
NHS NORTH EAST AND NORTH CUMBRIA INTEGRATED CARE BOARD,BOROUGH ROAD & NUNTHORPE MEDICAL GROUP,A81030,11724,34324,34.15685818,No
NHS NORTH EAST AND NORTH CUMBRIA INTEGRATED CARE BOARD,BROWNEY HOUSE SURGERY,A83617,2359,6903,34.17354773,Yes
NHS NORTH EAST AND NORTH CUMBRIA INTEGRATED CARE BOARD,WESTBOURNE MEDICAL CENTRE,A81012,4735,13830,34.23716558,No
NHS NORTH EAST AND NORTH CUMBRIA INTEGRATED CARE BOARD,ST ANDREW'S MEDICAL PRACTICE,A83001,13157,38247,34.40008367,Yes
NHS NORTH EAST AND NORTH CUMBRIA INTEGRATED CARE BOARD,BIDDLESTONE HEALTH GROUP,A86010,5691,16541,34.40541684,No
NHS NORTH EAST AND NORTH CUMBRIA INTEGRATED CARE BOARD,SEATON PARK MEDICAL GROUP,A84028,18101,52571,34.43153069,No
NHS NORTH EAST AND NORTH CUMBRIA INTEGRATED CARE BOARD,THE GROVE MEDICAL GROUP,A86018,7285,21141,34.45910789,No
NHS NORTH EAST AND NORTH CUMBRIA INTEGRATED CARE BOARD,WEARSIDE MEDICAL PRACTICE - PALLION,A89006,5905,17126,34.47973841,No
NHS NORTH EAST AND NORTH CUMBRIA INTEGRATED CARE BOARD,THE ERIMUS PRACTICE,A81037,4572,13189,34.66525135,No
NHS NORTH EAST AND NORTH CUMBRIA INTEGRATED CARE BOARD,NEASHAM ROAD SURGERY,A83013,9889,28522,34.67148166,No
NHS NORTH EAST AND NORTH CUMBRIA INTEGRATED CARE BOARD,THE SELE MEDICAL PRACTICE,A84033,4229,12194,34.68099065,No
NHS NORTH EAST AND NORTH CUMBRIA INTEGRATED CARE BOARD,ORCHARD COURT SURGERY,A83006,5174,14877,34.77851717,No
NHS NORTH EAST AND NORTH CUMBRIA INTEGRATED CARE BOARD,MIDDLE CHARE MEDICAL GROUP,A83028,8908,25567,34.84178824,No
NHS NORTH EAST AND NORTH CUMBRIA INTEGRATED CARE BOARD,SOUTHDENE MEDICAL CENTRE,A83619,3473,9953,34.89400181,No
NHS NORTH EAST AND NORTH CUMBRIA INTEGRATED CARE BOARD,CHESTER SURGERY,A89623,1673,4790,34.92693111,No
NHS NORTH EAST AND NORTH CUMBRIA INTEGRATED CARE BOARD,NEW WASHINGTON MEDICAL GROUP,A89026,6761,19328,34.9803394,No
NHS NORTH EAST AND NORTH CUMBRIA INTEGRATED CARE BOARD,TEMPLE SOWERBY MEDICAL PRACTICE,A82038,704,2012,34.99005964,Yes
NHS NORTH EAST AND NORTH CUMBRIA INTEGRATED CARE BOARD,BOWBURN MEDICAL CENTRE,A83635,2900,8264,35.09196515,No
NHS NORTH EAST AND NORTH CUMBRIA INTEGRATED CARE BOARD,SUNDERLAND GP ALLIANCE MEDICAL PRACTICE,A89025,8017,22771,35.20706161,No
NHS NORTH EAST AND NORTH CUMBRIA INTEGRATED CARE BOARD,PALLION FAMILY PRACTICE,A89007,7346,20756,35.39217576,No
NHS NORTH EAST AND NORTH CUMBRIA INTEGRATED CARE BOARD,BEVAN MEDICAL GROUP,A83616,9431,26577,35.48557023,No
NHS NORTH EAST AND NORTH CUMBRIA INTEGRATED CARE BOARD,GUIDEPOST MEDICAL GROUP,A84020,7708,21672,35.56662975,No
NHS NORTH EAST AND NORTH CUMBRIA INTEGRATED CARE BOARD,COULBY MEDICAL PRACTICE,A81058,7606,21357,35.61361614,No
NHS NORTH EAST AND NORTH CUMBRIA INTEGRATED CARE BOARD,DRS LAMBERT & NG,A83073,6233,17472,35.67422161,No
NHS NORTH EAST AND NORTH CUMBRIA INTEGRATED CARE BOARD,WARWICK SQUARE GROUP PRACTICE,A82654,5031,14090,35.70617459,No
NHS NORTH EAST AND NORTH CUMBRIA INTEGRATED CARE BOARD,BISHOPS CLOSE MEDICAL PRACTICE,A83052,9518,26642,35.72554613,No
NHS NORTH EAST AND NORTH CUMBRIA INTEGRATED CARE BOARD,ROSEWORTH SURGERY,A86006,3976,11082,35.87800036,No
NHS NORTH EAST AND NORTH CUMBRIA INTEGRATED CARE BOARD,PROSPECT MEDICAL CENTRE,A86004,8861,24677,35.90793046,No
NHS NORTH EAST AND NORTH CUMBRIA INTEGRATED CARE BOARD,EAST WING PRACTICE,A88613,4296,11948,35.9558085,No
NHS NORTH EAST AND NORTH CUMBRIA INTEGRATED CARE BOARD,THE RAVENSCAR SURGERY,Y00286,2974,8255,36.02665051,No
NHS NORTH EAST AND NORTH CUMBRIA INTEGRATED CARE BOARD,COLLIERY COURT MEDICAL GROUP,A88016,6357,17636,36.04558857,No
NHS NORTH EAST AND NORTH CUMBRIA INTEGRATED CARE BOARD,JESMOND HEALTH PARTNERSHIP,A86020,14203,39369,36.0766085,No
NHS NORTH EAST AND NORTH CUMBRIA INTEGRATED CARE BOARD,BRIDGE END SURGERY,A83009,6545,18056,36.2483385,No
NHS NORTH EAST AND NORTH CUMBRIA INTEGRATED CARE BOARD,PARK SURGERY,A81016,7705,21256,36.24858863,No
NHS NORTH EAST AND NORTH CUMBRIA INTEGRATED CARE BOARD,OLD FORGE SURGERY,A83043,1662,4584,36.2565445,Yes
NHS NORTH EAST AND NORTH CUMBRIA INTEGRATED CARE BOARD,LEADGATE SURGERY,A83636,6237,17130,36.40980736,No
NHS NORTH EAST AND NORTH CUMBRIA INTEGRATED CARE BOARD,PELTON & FELLROSE MEDICAL GROUP,A83033,10603,29075,36.4677558,No
NHS NORTH EAST AND NORTH CUMBRIA INTEGRATED CARE BOARD,DENTON PARK MEDICAL GROUP,A86013,7809,21375,36.53333333,No
NHS NORTH EAST AND NORTH CUMBRIA INTEGRATED CARE BOARD,SPRINGWELL MEDICAL GROUP,A89027,5633,15393,36.59455597,No
NHS NORTH EAST AND NORTH CUMBRIA INTEGRATED CARE BOARD,WHICKHAM COTTAGE MEDICAL CENTRE,A85020,11404,31142,36.6193565,No
NHS NORTH EAST AND NORTH CUMBRIA INTEGRATED CARE BOARD,BEACON VIEW MEDICAL CENTRE,A85026,4633,12617,36.72029801,No
NHS NORTH EAST AND NORTH CUMBRIA INTEGRATED CARE BOARD,CHAINBRIDGE MEDICAL PARTNERSHIP,A85010,9029,24528,36.81099152,No
NHS NORTH EAST AND NORTH CUMBRIA INTEGRATED CARE BOARD,VILLAGES MEDICAL GROUP,A83637,4435,12003,36.94909606,No
NHS NORTH EAST AND NORTH CUMBRIA INTEGRATED CARE BOARD,FORGE MEDICAL PRACTICE,A89020,6018,16246,37.04296442,No
NHS NORTH EAST AND NORTH CUMBRIA INTEGRATED CARE BOARD,GREYSTOKE SURGERY,A84031,7338,19777,37.10370633,No
NHS NORTH EAST AND NORTH CUMBRIA INTEGRATED CARE BOARD,NORTH HOUSE SURGERY,A83020,13224,35633,37.11166615,No
NHS NORTH EAST AND NORTH CUMBRIA INTEGRATED CARE BOARD,HOLLYHURST MEDICAL CENTRE,A85616,4681,12580,37.20985692,No
NHS NORTH EAST AND NORTH CUMBRIA INTEGRATED CARE BOARD,ST GEORGE & RIVERSIDE MEDICAL PRACTICE,A88015,7442,19963,37.27896609,No
NHS NORTH EAST AND NORTH CUMBRIA INTEGRATED CARE BOARD,SKERNE MEDICAL GROUP,A83054,14295,38225,37.3969915,No
NHS NORTH EAST AND NORTH CUMBRIA INTEGRATED CARE BOARD,GLADSTONE HOUSE SURGERY,A81622,3786,10067,37.60802622,No
NHS NORTH EAST AND NORTH CUMBRIA INTEGRATED CARE BOARD,WEST VIEW SURGERY,A88014,2126,5653,37.60834955,No
NHS NORTH EAST AND NORTH CUMBRIA INTEGRATED CARE BOARD,VICTORIA MEDICAL CENTRE,A88001,3285,8701,37.75428112,No
NHS NORTH EAST AND NORTH CUMBRIA INTEGRATED CARE BOARD,REGENT MEDICAL CENTRE,A86028,4941,13064,37.82149418,No
NHS NORTH EAST AND NORTH CUMBRIA INTEGRATED CARE BOARD,THE GARTH,A81032,10870,28638,37.95656121,No
NHS NORTH EAST AND NORTH CUMBRIA INTEGRATED CARE BOARD,THE VILLAGE GREEN SURGERY,A87016,10897,28602,38.09873435,No
NHS NORTH EAST AND NORTH CUMBRIA INTEGRATED CARE BOARD,DEERNESS PARK MEDICAL GROUP,A89001,14262,37395,38.13878861,No
NHS NORTH EAST AND NORTH CUMBRIA INTEGRATED CARE BOARD,FORUM FAMILY PRACTICE,A84038,7972,20857,38.2221796,No
NHS NORTH EAST AND NORTH CUMBRIA INTEGRATED CARE BOARD,MILLENNIUM FAMILY PRACTICE,A85013,3507,9167,38.25679066,No
NHS NORTH EAST AND NORTH CUMBRIA INTEGRATED CARE BOARD,BEDLINGTONSHIRE MED.GROUP,A84005,12102,31535,38.37640717,No
NHS NORTH EAST AND NORTH CUMBRIA INTEGRATED CARE BOARD,WEST CORNFORTH MEDICAL CENTRE,A83634,4030,10464,38.51299694,No
NHS NORTH EAST AND NORTH CUMBRIA INTEGRATED CARE BOARD,TANFIELD VIEW MEDICAL GROUP,A83016,13568,35215,38.52903592,No
NHS NORTH EAST AND NORTH CUMBRIA INTEGRATED CARE BOARD,VALENS MEDICAL PARTNERSHIP,A84036,47868,124141,38.55938006,No
NHS NORTH EAST AND NORTH CUMBRIA INTEGRATED CARE BOARD,WESTERHOPE MEDICAL GROUP,A86025,12528,32449,38.6082776,No
NHS NORTH EAST AND NORTH CUMBRIA INTEGRATED CARE BOARD,WENLOCK ROAD SURGERY,A88005,4879,12627,38.63942346,No
NHS NORTH EAST AND NORTH CUMBRIA INTEGRATED CARE BOARD,BURN BRAE MEDICAL GROUP,A84024,8219,21226,38.72137944,No
NHS NORTH EAST AND NORTH CUMBRIA INTEGRATED CARE BOARD,BETTS AVENUE MEDICAL GROUP,A86030,12150,31350,38.75598086,No
NHS NORTH EAST AND NORTH CUMBRIA INTEGRATED CARE BOARD,PARK MEDICAL GROUP,A86008,9015,23235,38.79922531,No
NHS NORTH EAST AND NORTH CUMBRIA INTEGRATED CARE BOARD,MILLFIELD MEDICAL GROUP,A89017,11565,29729,38.9014094,No
NHS NORTH EAST AND NORTH CUMBRIA INTEGRATED CARE BOARD,MALLARD MEDICAL PRACTICE,A87615,4171,10707,38.95582329,No
NHS NORTH EAST AND NORTH CUMBRIA INTEGRATED CARE BOARD,SAVILLE MEDICAL GROUP,A86003,19860,50945,38.9832172,No
NHS NORTH EAST AND NORTH CUMBRIA INTEGRATED CARE BOARD,MOORLANDS SURGERY,A83010,12821,32848,39.03129566,No
NHS NORTH EAST AND NORTH CUMBRIA INTEGRATED CARE BOARD,RICKLETON MEDICAL CENTRE,A89616,2833,7242,39.11902789,No
NHS NORTH EAST AND NORTH CUMBRIA INTEGRATED CARE BOARD,WHITE MEDICAL GROUP,A84011,6739,17221,39.13245456,Yes
NHS NORTH EAST AND NORTH CUMBRIA INTEGRATED CARE BOARD,WIDEOPEN MEDICAL CENTRE,A87012,7947,20297,39.15356949,No
NHS NORTH EAST AND NORTH CUMBRIA INTEGRATED CARE BOARD,THE HEADLAND MEDICAL CENTRE,A81063,5256,13392,39.24731183,No
NHS NORTH EAST AND NORTH CUMBRIA INTEGRATED CARE BOARD,WHITBURN SURGERY,A88023,5105,12962,39.38435427,No
NHS NORTH EAST AND NORTH CUMBRIA INTEGRATED CARE BOARD,LANE END SURGERY,A86016,6173,15519,39.77704749,No
NHS NORTH EAST AND NORTH CUMBRIA INTEGRATED CARE BOARD,HAPPY HOUSE SURGERY,A89041,8792,21987,39.9872652,No
NHS NORTH EAST AND NORTH CUMBRIA INTEGRATED CARE BOARD,ASHBURN MEDICAL CENTRE,A89018,5734,14283,40.14562767,No
NHS NORTH EAST AND NORTH CUMBRIA INTEGRATED CARE BOARD,PRIORY MEDICAL GROUP,A87009,13428,33233,40.40562092,No
NHS NORTH EAST AND NORTH CUMBRIA INTEGRATED CARE BOARD,CONSETT MEDICAL CENTRE,A83018,20865,51458,40.54763108,No
NHS NORTH EAST AND NORTH CUMBRIA INTEGRATED CARE BOARD,HYLTON MEDICAL GROUP,A89031,4957,12189,40.66781524,No
NHS NORTH EAST AND NORTH CUMBRIA INTEGRATED CARE BOARD,RAILWAY MEDICAL GROUP,A84009,32597,80128,40.68116014,No
NHS NORTH EAST AND NORTH CUMBRIA INTEGRATED CARE BOARD,CRAWCROOK MEDICAL CENTRE,A85014,19107,46958,40.68955237,No
NHS NORTH EAST AND NORTH CUMBRIA INTEGRATED CARE BOARD,"FULWELL MEDICAL CENTRE,",A89015,8831,21674,40.74467103,No
NHS NORTH EAST AND NORTH CUMBRIA INTEGRATED CARE BOARD,BENFIELD PARK MEDICAL GROUP,A86023,11279,27653,40.78761798,No
NHS NORTH EAST AND NORTH CUMBRIA INTEGRATED CARE BOARD,ST. ALBANS MEDICAL GROUP,A85011,8697,21282,40.86552016,No
NHS NORTH EAST AND NORTH CUMBRIA INTEGRATED CARE BOARD,RED HOUSE MEDICAL CENTRE,A89008,6763,16535,40.90111884,No
NHS NORTH EAST AND NORTH CUMBRIA INTEGRATED CARE BOARD,ELSWICK FAMILY PRACTICE,A86037,7391,18050,40.94736842,No
NHS NORTH EAST AND NORTH CUMBRIA INTEGRATED CARE BOARD,FENHAM HALL SURGERY,A86031,8336,20277,41.11061794,No
NHS NORTH EAST AND NORTH CUMBRIA INTEGRATED CARE BOARD,LINTHORPE SURGERY,A81026,17243,41902,41.15078039,No
NHS NORTH EAST AND NORTH CUMBRIA INTEGRATED CARE BOARD,HADRIAN HEALTH CENTRE,A87029,21385,51893,41.20979708,No
NHS NORTH EAST AND NORTH CUMBRIA INTEGRATED CARE BOARD,SECOND STREET SURGERY,A85021,2415,5855,41.24679761,No
NHS NORTH EAST AND NORTH CUMBRIA INTEGRATED CARE BOARD,MURTON MEDICAL CENTRE,A83041,11551,27850,41.47576302,No
NHS NORTH EAST AND NORTH CUMBRIA INTEGRATED CARE BOARD,MAYFIELD MEDICAL GROUP,A88004,7904,19020,41.55625657,No
NHS NORTH EAST AND NORTH CUMBRIA INTEGRATED CARE BOARD,BRUNTON PARK,A86033,4096,9816,41.72779136,No
NHS NORTH EAST AND NORTH CUMBRIA INTEGRATED CARE BOARD,LONGRIGG MEDICAL CENTRE,A85004,10053,24086,41.73793905,No
NHS NORTH EAST AND NORTH CUMBRIA INTEGRATED CARE BOARD,CROWHALL MEDICAL CENTRE,A85009,6729,16057,41.90695647,No
NHS NORTH EAST AND NORTH CUMBRIA INTEGRATED CARE BOARD,BYRON MEDICAL PRACTICE,A83075,12354,29408,42.00897715,No
NHS NORTH EAST AND NORTH CUMBRIA INTEGRATED CARE BOARD,STANLEY MEDICAL GROUP,A83023,15947,37940,42.03215604,No
NHS NORTH EAST AND NORTH CUMBRIA INTEGRATED CARE BOARD,JUBILEE MEDICAL GROUP,A83066,13024,30915,42.12841663,No
NHS NORTH EAST AND NORTH CUMBRIA INTEGRATED CARE BOARD,I J HEALTHCARE,A89617,4258,10093,42.18765481,No
NHS NORTH EAST AND NORTH CUMBRIA INTEGRATED CARE BOARD,REDBURN PARK MEDICAL CENTRE,A87030,5013,11866,42.24675544,No
NHS NORTH EAST AND NORTH CUMBRIA INTEGRATED CARE BOARD,DILSTON MEDICAL CENTRE,Y00184,4028,9463,42.56578252,No
NHS NORTH EAST AND NORTH CUMBRIA INTEGRATED CARE BOARD,LANCHESTER MEDICAL CENTRE,A83072,3723,8713,42.72925514,No
NHS NORTH EAST AND NORTH CUMBRIA INTEGRATED CARE BOARD,MONKWEARMOUTH HEALTH CENTRE,A89040,5444,12693,42.88978177,No
NHS NORTH EAST AND NORTH CUMBRIA INTEGRATED CARE BOARD,ACKLAM MEDICAL CENTRE,A81004,9091,21105,43.07510069,No
NHS NORTH EAST AND NORTH CUMBRIA INTEGRATED CARE BOARD,BRIDGE VIEW MEDICAL GROUP,A89019,21910,50839,43.09683511,No
NHS NORTH EAST AND NORTH CUMBRIA INTEGRATED CARE BOARD,HOLMSIDE MEDICAL GROUP,A86021,12600,29207,43.14034307,No
NHS NORTH EAST AND NORTH CUMBRIA INTEGRATED CARE BOARD,THE NEW SEAHAM MEDICAL GROUP,A83071,5525,12735,43.38437377,No
NHS NORTH EAST AND NORTH CUMBRIA INTEGRATED CARE BOARD,SOUTH GRANGE MEDICAL GROUP PRACTICE,A81042,17072,39140,43.61778232,No
NHS NORTH EAST AND NORTH CUMBRIA INTEGRATED CARE BOARD,PELAW MEDICAL PRACTICE,A85611,5400,12371,43.65047288,No
NHS NORTH EAST AND NORTH CUMBRIA INTEGRATED CARE BOARD,DENMARK STREET SURGERY,A83047,15614,35674,43.76857095,No
NHS NORTH EAST AND NORTH CUMBRIA INTEGRATED CARE BOARD,MCKENZIE GROUP PRACTICE,A81070,4287,9773,43.86575258,No
NHS NORTH EAST AND NORTH CUMBRIA INTEGRATED CARE BOARD,ZETLAND MEDICAL PRACTICE,A81048,8350,18996,43.95662245,No
NHS NORTH EAST AND NORTH CUMBRIA INTEGRATED CARE BOARD,HUNTCLIFF SURGERY,A81618,11150,25068,44.47901707,No
NHS NORTH EAST AND NORTH CUMBRIA INTEGRATED CARE BOARD,SILVERDALE FAMILY PRACTICE,A83627,6947,15587,44.56919228,No
NHS NORTH EAST AND NORTH CUMBRIA INTEGRATED CARE BOARD,MARSDEN MEDICAL GROUP,A88003,21172,47439,44.62994583,No
NHS NORTH EAST AND NORTH CUMBRIA INTEGRATED CARE BOARD,PRUDHOE MEDICAL GROUP,A84016,5797,12963,44.71958652,No
NHS NORTH EAST AND NORTH CUMBRIA INTEGRATED CARE BOARD,WREKENTON MEDICAL GROUP,A85016,15527,34623,44.84591168,No
NHS NORTH EAST AND NORTH CUMBRIA INTEGRATED CARE BOARD,THROCKLEY PRIMARY CARE CENTRE,A86026,9720,21667,44.86084829,No
NHS NORTH EAST AND NORTH CUMBRIA INTEGRATED CARE BOARD,WELLSPRING MEDICAL PRACT.,A87612,8477,18893,44.8684698,No
NHS NORTH EAST AND NORTH CUMBRIA INTEGRATED CARE BOARD,WOODLANDS PARK HEALTH CTR,A87017,7844,17437,44.98480243,No
NHS NORTH EAST AND NORTH CUMBRIA INTEGRATED CARE BOARD,MARLBOROUGH SURGERY,A83051,15772,35056,44.99087175,No
NHS NORTH EAST AND NORTH CUMBRIA INTEGRATED CARE BOARD,BENSHAM FAMILY PRACTICE,A85002,3921,8697,45.0845119,No
NHS NORTH EAST AND NORTH CUMBRIA INTEGRATED CARE BOARD,EVENWOOD MEDICAL PRACTICE,A83626,983,2179,45.1124369,Yes
NHS NORTH EAST AND NORTH CUMBRIA INTEGRATED CARE BOARD,ALNWICK MEDICAL GROUP,A84006,23837,52675,45.2529663,Yes
NHS NORTH EAST AND NORTH CUMBRIA INTEGRATED CARE BOARD,ST BEDE MEDICAL CENTRE,A89016,9679,21357,45.32003559,No
NHS NORTH EAST AND NORTH CUMBRIA INTEGRATED CARE BOARD,CASTLETOWN MEDICAL CENTRE,A89036,2834,6245,45.38030424,No
NHS NORTH EAST AND NORTH CUMBRIA INTEGRATED CARE BOARD,TRINITY MEDICAL CENTRE,A88008,7308,16026,45.60089854,No
NHS NORTH EAST AND NORTH CUMBRIA INTEGRATED CARE BOARD,IMEARY MEDICAL GROUP,A88601,4937,10784,45.78078635,No
NHS NORTH EAST AND NORTH CUMBRIA INTEGRATED CARE BOARD,THE ENDEAVOUR PRACTICE,A81023,7005,15276,45.85624509,No
NHS NORTH EAST AND NORTH CUMBRIA INTEGRATED CARE BOARD,STEPHENSON PARK HEALTH GROUP,A87007,18782,40875,45.94984709,No
NHS NORTH EAST AND NORTH CUMBRIA INTEGRATED CARE BOARD,MARTONSIDE MEDICAL CENTRE,A81020,8740,19016,45.96129575,No
NHS NORTH EAST AND NORTH CUMBRIA INTEGRATED CARE BOARD,CLIFTON COURT MEDICAL PRACTICE,A83040,12322,26807,45.965606,No
NHS NORTH EAST AND NORTH CUMBRIA INTEGRATED CARE BOARD,LONGTOWN MEDICAL CENTRE,A82646,4182,9073,46.09280282,No
NHS NORTH EAST AND NORTH CUMBRIA INTEGRATED CARE BOARD,WEST FARM SURGERY,A86005,6813,14757,46.16792031,No
NHS NORTH EAST AND NORTH CUMBRIA INTEGRATED CARE BOARD,GREAT LUMLEY SURGERY,A83029,7440,16079,46.2715343,No
NHS NORTH EAST AND NORTH CUMBRIA INTEGRATED CARE BOARD,BRIDGE AND MONKSEATON MEDICAL PRACTICE,A87020,12684,27133,46.74750304,No
NHS NORTH EAST AND NORTH CUMBRIA INTEGRATED CARE BOARD,KEPIER MEDICAL PRACTICE,A89021,11033,23564,46.82142251,No
NHS NORTH EAST AND NORTH CUMBRIA INTEGRATED CARE BOARD,CRUDDAS PARK SURGERY,A86017,15254,32516,46.91228933,No
NHS NORTH EAST AND NORTH CUMBRIA INTEGRATED CARE BOARD,RIVERVIEW SURGERY,A89002,10617,22581,47.01740401,No
NHS NORTH EAST AND NORTH CUMBRIA INTEGRATED CARE BOARD,WEST ROAD MEDICAL CENTRE,A86012,9522,20217,47.09897611,No
NHS NORTH EAST AND NORTH CUMBRIA INTEGRATED CARE BOARD,BEWICK ROAD SURGERY,A85017,6490,13622,47.64351784,No
NHS NORTH EAST AND NORTH CUMBRIA INTEGRATED CARE BOARD,WEST RAINTON SURGERY,A83024,7944,16635,47.75473399,No
NHS NORTH EAST AND NORTH CUMBRIA INTEGRATED CARE BOARD,QUEENS ROAD SURGERY,A83049,17404,36349,47.88027181,No
NHS NORTH EAST AND NORTH CUMBRIA INTEGRATED CARE BOARD,BIRTLEY MEDICAL GROUP,A85008,19339,40374,47.89963838,No
NHS NORTH EAST AND NORTH CUMBRIA INTEGRATED CARE BOARD,TALBOT MEDICAL CENTRE,A88006,10243,21351,47.97433375,No
NHS NORTH EAST AND NORTH CUMBRIA INTEGRATED CARE BOARD,VILLAGE SURGERY PARTNERSHIP,A89011,6188,12858,48.12568051,No
NHS NORTH EAST AND NORTH CUMBRIA INTEGRATED CARE BOARD,SPRINGWOOD SURGERY,A81005,8993,18680,48.14239829,No
NHS NORTH EAST AND NORTH CUMBRIA INTEGRATED CARE BOARD,SUNNISIDE SURGERY,A85617,4644,9646,48.14430852,No
NHS NORTH EAST AND NORTH CUMBRIA INTEGRATED CARE BOARD,APPLEBY MEDICAL PRACTICE,A82006,4498,9263,48.55878225,No
NHS NORTH EAST AND NORTH CUMBRIA INTEGRATED CARE BOARD,NORTHUMBERLAND PARK MEDICAL GROUP,A87022,8458,17410,48.58127513,No
NHS NORTH EAST AND NORTH CUMBRIA INTEGRATED CARE BOARD,CENTRAL SURGERY,A88013,23014,46849,49.12378066,No
NHS NORTH EAST AND NORTH CUMBRIA INTEGRATED CARE BOARD,VILLETTE SURGERY,A89005,7932,15998,49.58119765,No
NHS NORTH EAST AND NORTH CUMBRIA INTEGRATED CARE BOARD,"HOUGHTON MEDICAL GROUP,",A89023,11542,22979,50.22846947,No
NHS NORTH EAST AND NORTH CUMBRIA INTEGRATED CARE BOARD,NEW SILKSWORTH MEDICAL PRACTICE,A89032,11228,22229,50.51059427,No
NHS NORTH EAST AND NORTH CUMBRIA INTEGRATED CARE BOARD,THE STEPHENSON MEDICAL PRACTICE,A89010,15483,30129,51.38902718,No
NHS NORTH EAST AND NORTH CUMBRIA INTEGRATED CARE BOARD,RAVENSWORTH SURGERY,A88608,8232,15973,51.53696863,No
NHS NORTH EAST AND NORTH CUMBRIA INTEGRATED CARE BOARD,NEWBURN SURGERY,A86038,9902,18893,52.41094585,No
NHS NORTH EAST AND NORTH CUMBRIA INTEGRATED CARE BOARD,HALTWHISTLE MEDICAL GROUP,A84034,7632,14556,52.43198681,No
NHS NORTH EAST AND NORTH CUMBRIA INTEGRATED CARE BOARD,HEATON ROAD SURGERY,A86024,8856,16863,52.51734567,No
NHS NORTH EAST AND NORTH CUMBRIA INTEGRATED CARE BOARD,GLENPARK & TEAMS MEDICAL SERVICES,A85006,18860,35817,52.65655973,No
NHS NORTH EAST AND NORTH CUMBRIA INTEGRATED CARE BOARD,ELSDON AVENUE SURGERY,A84619,5479,10335,53.01403,No
NHS NORTH EAST AND NORTH CUMBRIA INTEGRATED CARE BOARD,ROCKLIFFE COURT SURGERY,A83048,6423,11902,53.96572005,Yes
NHS NORTH EAST AND NORTH CUMBRIA INTEGRATED CARE BOARD,HETTON GROUP PRACTICE,A89004,21439,39538,54.22378471,No
NHS NORTH EAST AND NORTH CUMBRIA INTEGRATED CARE BOARD,OXFORD TCE & RAWLING RD MEDICAL GROUP,A85005,22703,41855,54.24202604,No
NHS NORTH EAST AND NORTH CUMBRIA INTEGRATED CARE BOARD,BEWICKE MEDICAL CENTRE,A87013,12963,23886,54.27028385,No
NHS NORTH EAST AND NORTH CUMBRIA INTEGRATED CARE BOARD,THE G.P.SUITE,A88025,4836,8891,54.39208188,No
NHS NORTH EAST AND NORTH CUMBRIA INTEGRATED CARE BOARD,CAMBRIDGE MEDICAL GROUP,A81051,7715,14141,54.55766919,No
NHS NORTH EAST AND NORTH CUMBRIA INTEGRATED CARE BOARD,DENTON TURRET MEDICAL CENTRE,A86601,13410,24493,54.75033683,No
NHS NORTH EAST AND NORTH CUMBRIA INTEGRATED CARE BOARD,WESTBOURNE MEDICAL GROUP,A89030,13225,23970,55.17313308,No
NHS NORTH EAST AND NORTH CUMBRIA INTEGRATED CARE BOARD,SWARLAND AVENUE SURGERY,A86041,7173,12937,55.44562109,No
NHS NORTH EAST AND NORTH CUMBRIA INTEGRATED CARE BOARD,ST.ANTHONY'S HEALTH CENTRE,A86040,10120,17693,57.19776183,No
NHS NORTH EAST AND NORTH CUMBRIA INTEGRATED CARE BOARD,GALLERIES MEDICAL PRACTICE,A89012,18657,31974,58.35053481,No
NHS NORTH EAST AND NORTH CUMBRIA INTEGRATED CARE BOARD,MCKENZIE HOUSE SURGERY,A81044,26467,45119,58.6604313,No
NHS NORTH EAST AND NORTH CUMBRIA INTEGRATED CARE BOARD,BRANCH END SURGERY,A84047,6052,10097,59.93859562,Yes
NHS NORTH EAST AND NORTH CUMBRIA INTEGRATED CARE BOARD,HAYDON BRIDGE & ALLENDALE MEDICAL PRACT,A84045,8412,13990,60.12866333,No
NHS NORTH EAST AND NORTH CUMBRIA INTEGRATED CARE BOARD,HUMSHAUGH & WARK MED GRP,A84040,1779,2890,61.55709343,Yes
NHS NORTH EAST AND NORTH CUMBRIA INTEGRATED CARE BOARD,CHOPWELL PRIMARY HEALTHCARE CENTRE,A85024,4311,6986,61.70913255,Yes
NHS NORTH EAST AND NORTH CUMBRIA INTEGRATED CARE BOARD,THORNFIELD MEDICAL GROUP,A86029,27985,45331,61.73479517,No
NHS NORTH EAST AND NORTH CUMBRIA INTEGRATED CARE BOARD,MELROSE SURGERY,A81056,3003,4849,61.93029491,No
NHS NORTH EAST AND NORTH CUMBRIA INTEGRATED CARE BOARD,ALBERT ROAD SURGERY,A88010,7510,12073,62.20492007,No
NHS NORTH EAST AND NORTH CUMBRIA INTEGRATED CARE BOARD,PONTELAND MEDICAL GROUP,A84007,17284,27524,62.79610522,No
NHS NORTH EAST AND NORTH CUMBRIA INTEGRATED CARE BOARD,PALLION PRIMARY CARE SERVICES,Y01262,214,340,62.94117647,No
NHS NORTH EAST AND NORTH CUMBRIA INTEGRATED CARE BOARD,49 MARINE AVENUE SURGERY ( D 01-Apr-25 ),A87006,8,12,66.66666667,No
NHS NORTH EAST AND NORTH CUMBRIA INTEGRATED CARE BOARD,BELLINGHAM PRACTICE,A84027,6434,9135,70.43240285,No
NHS NORTH EAST AND NORTH CUMBRIA INTEGRATED CARE BOARD,ALSTON MEDICAL PRACTICE,A82004,2157,3017,71.49486245,Yes
NHS NORTH EAST AND NORTH CUMBRIA INTEGRATED CARE BOARD,FARNHAM MEDICAL CTR.,A88002,29367,40850,71.88984088,No
NHS NORTH EAST AND NORTH CUMBRIA INTEGRATED CARE BOARD,ELM TREE SURGERY,A81608,19514,25268,77.22811461,No
NHS NORTH EAST AND NORTH CUMBRIA INTEGRATED CARE BOARD,WALKER MEDICAL GROUP,A86011,27212,34576,78.70198982,No
NHS NORTH EAST AND NORTH CUMBRIA INTEGRATED CARE BOARD,NELSON MEDICAL GROUP ( D 01-Apr-25 ),A87019,29,29,100,No
NHS NORTH EAST AND NORTH CUMBRIA INTEGRATED CARE BOARD,PARK PARADE PRACTICE ( D 01-Apr-25 ),A87600,2,2,100,No
